fps,ms,gf
3.39072,294923.0,18.9
3.52419,283753.0,19.7
3.31848,301342.0,18.5
3.31,302115.0,18.5
3.30944,302166.0,18.5
