fps,ms,gf
2.71492,368335.0,15.2
2.70666,369459.0,15.1
2.71698,368056.0,15.2
2.70672,369451.0,15.1
2.71175,368765.0,15.2
