fps,ms,gf
7.43646,134473.0,15.0
7.44389,134338.0,15.0
7.45665,134109.0,15.0
7.43044,134581.0,14.9
7.43659,134470.0,15.0
