fps,ms,gf
5.48764,182228.0,15.0
5.5044,181673.0,15.1
5.49962,181831.0,15.1
5.4935,182033.0,15.0
5.50623,181613.0,15.1
