fps,ms,gf
4.34656,230067.0,19.7
4.362,229253.0,19.7
4.35559,229590.0,19.7
4.35562,229589.0,19.7
4.35338,229707.0,19.7
