fps,ms,gf
7.18288,139220.0,19.7
7.14048,140047.0,19.6
7.17926,139290.0,19.7
7.15447,139773.0,19.6
7.1092,140663.0,19.5
