fps,ms,gf
9.68783,103222.0,19.5
9.71171,102969.0,19.5
9.70005,103092.0,19.5
9.73676,102704.0,19.6
9.64796,103649.0,19.4
