fps,ms,gf
5.48542,182301.0,19.6
5.51477,181331.0,19.7
5.50624,181612.0,19.7
5.49509,181981.0,19.7
5.50834,181543.0,19.7
