fps,ms,gf
4.20891,237591.0,15.1
4.22569,236648.0,15.1
4.23834,235942.0,15.2
4.22397,236744.0,15.1
4.22219,236844.0,15.1
