fps,ms,gf
3.33385,299953.0,15.1
3.34852,298640.0,15.2
3.33846,299540.0,15.1
3.34743,298736.0,15.2
3.33543,299811.0,15.1
