bodies,fps
1000,13.9955
2000,3.50972
3000,1.62206
4000,0.919348
